<ImportExportXml version="9.0.0000.2136" SolutionPackageVersion="9.0" languagecode="1033" generatedBy="CrmLive" xmlns:xsi="http://www.w3.org/2001/XMLSchema-instance">
  <SolutionManifest>
    <UniqueName>SocialTalkForSuyati</UniqueName>
    <LocalizedNames>
      <LocalizedName description="Social Talk For Suyati" languagecode="1033" />
    </LocalizedNames>
    <Descriptions />
    <Version>1.0.0.0</Version>
    <Managed>0</Managed>
    <ConfigurationPage>syt_authenticatehtml</ConfigurationPage>
    <Publisher>
      <UniqueName>suyatitechnologies</UniqueName>
      <LocalizedNames>
        <LocalizedName description="Suyati Technologies" languagecode="1033" />
      </LocalizedNames>
      <Descriptions />
      <EMailAddress xsi:nil="true"></EMailAddress>
      <SupportingWebsiteUrl xsi:nil="true"></SupportingWebsiteUrl>
      <CustomizationPrefix>syt</CustomizationPrefix>
      <CustomizationOptionValuePrefix>21490</CustomizationOptionValuePrefix>
      <Addresses>
        <Address>
          <AddressNumber>1</AddressNumber>
          <AddressTypeCode>1</AddressTypeCode>
          <City xsi:nil="true"></City>
          <County xsi:nil="true"></County>
          <Country xsi:nil="true"></Country>
          <Fax xsi:nil="true"></Fax>
          <FreightTermsCode xsi:nil="true"></FreightTermsCode>
          <ImportSequenceNumber xsi:nil="true"></ImportSequenceNumber>
          <Latitude xsi:nil="true"></Latitude>
          <Line1 xsi:nil="true"></Line1>
          <Line2 xsi:nil="true"></Line2>
          <Line3 xsi:nil="true"></Line3>
          <Longitude xsi:nil="true"></Longitude>
          <Name xsi:nil="true"></Name>
          <PostalCode xsi:nil="true"></PostalCode>
          <PostOfficeBox xsi:nil="true"></PostOfficeBox>
          <PrimaryContactName xsi:nil="true"></PrimaryContactName>
          <ShippingMethodCode>1</ShippingMethodCode>
          <StateOrProvince xsi:nil="true"></StateOrProvince>
          <Telephone1 xsi:nil="true"></Telephone1>
          <Telephone2 xsi:nil="true"></Telephone2>
          <Telephone3 xsi:nil="true"></Telephone3>
          <TimeZoneRuleVersionNumber xsi:nil="true"></TimeZoneRuleVersionNumber>
          <UPSZone xsi:nil="true"></UPSZone>
          <UTCOffset xsi:nil="true"></UTCOffset>
          <UTCConversionTimeZoneCode xsi:nil="true"></UTCConversionTimeZoneCode>
        </Address>
        <Address>
          <AddressNumber>2</AddressNumber>
          <AddressTypeCode>1</AddressTypeCode>
          <City xsi:nil="true"></City>
          <County xsi:nil="true"></County>
          <Country xsi:nil="true"></Country>
          <Fax xsi:nil="true"></Fax>
          <FreightTermsCode xsi:nil="true"></FreightTermsCode>
          <ImportSequenceNumber xsi:nil="true"></ImportSequenceNumber>
          <Latitude xsi:nil="true"></Latitude>
          <Line1 xsi:nil="true"></Line1>
          <Line2 xsi:nil="true"></Line2>
          <Line3 xsi:nil="true"></Line3>
          <Longitude xsi:nil="true"></Longitude>
          <Name xsi:nil="true"></Name>
          <PostalCode xsi:nil="true"></PostalCode>
          <PostOfficeBox xsi:nil="true"></PostOfficeBox>
          <PrimaryContactName xsi:nil="true"></PrimaryContactName>
          <ShippingMethodCode>1</ShippingMethodCode>
          <StateOrProvince xsi:nil="true"></StateOrProvince>
          <Telephone1 xsi:nil="true"></Telephone1>
          <Telephone2 xsi:nil="true"></Telephone2>
          <Telephone3 xsi:nil="true"></Telephone3>
          <TimeZoneRuleVersionNumber xsi:nil="true"></TimeZoneRuleVersionNumber>
          <UPSZone xsi:nil="true"></UPSZone>
          <UTCOffset xsi:nil="true"></UTCOffset>
          <UTCConversionTimeZoneCode xsi:nil="true"></UTCConversionTimeZoneCode>
        </Address>
      </Addresses>
    </Publisher>
    <RootComponents>
      <RootComponent type="1" schemaName="appointment" behavior="1" />
      <RootComponent type="1" schemaName="contact" behavior="1" />
      <RootComponent type="1" schemaName="email" behavior="1" />
      <RootComponent type="1" schemaName="incident" behavior="1" />
      <RootComponent type="1" schemaName="msdyn_approval" behavior="1" />
      <RootComponent type="1" schemaName="msdyn_bookingalert" behavior="1" />
      <RootComponent type="1" schemaName="opportunity" behavior="1" />
      <RootComponent type="1" schemaName="phonecall" behavior="1" />
      <RootComponent type="1" schemaName="queue" behavior="1" />
      <RootComponent type="1" schemaName="queueitem" behavior="1" />
      <RootComponent type="1" schemaName="syt_autonumber" behavior="0" />
      <RootComponent type="1" schemaName="syt_tweet" behavior="0" />
      <RootComponent type="1" schemaName="syt_tweetidval" behavior="0" />
      <RootComponent type="1" schemaName="syt_twittercredential" behavior="0" />
      <RootComponent type="1" schemaName="task" behavior="1" />
      <RootComponent type="29" id="{35703dbc-2db5-41b4-8f18-a2b765d9ce8a}" behavior="0" />
      <RootComponent type="29" id="{56453f8d-dc90-4138-8c12-16101a1cae5b}" behavior="0" />
      <RootComponent type="29" id="{a1417f20-83c4-412b-8b61-3e710c1ee7bb}" behavior="0" />
      <RootComponent type="29" id="{c55593e6-1214-41e0-9b18-a0ad0d00a0cd}" behavior="0" />
      <RootComponent type="29" id="{ccf114f9-afef-40a9-ac95-a02ddae76b58}" behavior="0" />
      <RootComponent type="29" id="{d651d2d1-20fa-4a7b-a143-955996ae8551}" behavior="0" />
      <RootComponent type="29" id="{e85b2d4e-b0c2-41af-8dfb-6623f437dda3}" behavior="0" />
      <RootComponent type="60" id="{0d1e47ff-12b2-4f53-9090-bee951b98cb4}" />
      <RootComponent type="60" id="{16654191-19ad-48ca-9e46-c4b4fbdad76f}" />
      <RootComponent type="60" id="{1bdda83a-8000-4404-9304-36026cfba88a}" behavior="0" />
      <RootComponent type="60" id="{1fed44d1-ae68-4a41-bd2b-f13acac4acfa}" />
      <RootComponent type="60" id="{24b5ce86-1811-44c3-b1ad-90f7ea02d2d7}" />
      <RootComponent type="60" id="{2839f4ab-b8f4-4060-8b1d-23e85c0fb460}" />
      <RootComponent type="60" id="{28b5b9b6-dfa2-45d6-8a81-3f6ba02a098a}" />
      <RootComponent type="60" id="{29de27bc-a257-4f29-99cf-bab4a84e688f}" />
      <RootComponent type="60" id="{2e5bb425-abef-4661-9ed7-df5cb28f2ed4}" />
      <RootComponent type="60" id="{3498c71f-2c4c-4a89-8917-a274e36eba30}" />
      <RootComponent type="60" id="{3d22ab88-96c8-4b3f-a533-d4827e2925c9}" />
      <RootComponent type="60" id="{414ff482-351b-4c38-9391-987bb3549429}" behavior="0" />
      <RootComponent type="60" id="{426b1fab-7fb2-4cee-ba35-144f584fdaf5}" behavior="0" />
      <RootComponent type="60" id="{43c7336f-61c4-e711-a952-000d3af07b7a}" behavior="0" />
      <RootComponent type="60" id="{4a63c8d1-6c1e-48ec-9db4-3e6c7155334c}" />
      <RootComponent type="60" id="{549a8aa3-c349-4ab9-8bac-4873fa9a7a5c}" />
      <RootComponent type="60" id="{661157fe-2fc9-4eaa-835f-5bfa2f7b64f7}" />
      <RootComponent type="60" id="{6e47949e-8d77-4f99-8de2-aa6e88d88967}" />
      <RootComponent type="60" id="{6ed25386-e3ec-4e2b-bc5e-6a2a7803c8f3}" />
      <RootComponent type="60" id="{707fc57b-c5e6-471b-a180-e37ed28a38e2}" />
      <RootComponent type="60" id="{7bb87dfd-ec3e-4ed9-8e3e-5725d3067295}" />
      <RootComponent type="60" id="{8335a04b-dc80-44b0-83ab-11ed80f93d3e}" />
      <RootComponent type="60" id="{894cc46a-b0cb-4ab0-8bf6-200544e46a2d}" />
      <RootComponent type="60" id="{8e10b902-0b3e-441c-8b12-88e6c1793848}" />
      <RootComponent type="60" id="{8ed8553f-b520-4fe3-b2e7-59eef8301486}" />
      <RootComponent type="60" id="{90346b4f-8258-47fa-8f6a-3bf39356700f}" />
      <RootComponent type="60" id="{915f6055-2e07-4276-ae08-2b96c8d02c57}" />
      <RootComponent type="60" id="{97a3780a-caa4-4c19-995b-15a67fd6808f}" behavior="0" />
      <RootComponent type="60" id="{a2a56263-ec37-4991-a3b0-e7b37a71d818}" />
      <RootComponent type="60" id="{a837e4a7-01b8-4f82-a475-be9abd67e667}" />
      <RootComponent type="60" id="{a91390a5-99bb-4d10-9eee-3a5c87f841f1}" />
      <RootComponent type="60" id="{b382cf51-c6c2-e711-a952-000d3af07b7a}" behavior="0" />
      <RootComponent type="60" id="{bc0f68dd-a4b1-4a8f-bed3-c8f5db2f89cf}" />
      <RootComponent type="60" id="{bdb0ae1c-32fa-4374-b637-8dafe107bc44}" />
      <RootComponent type="60" id="{cc38ffca-4f05-447d-9a51-a5b081e8f264}" behavior="0" />
      <RootComponent type="60" id="{cc760212-3eab-4009-b5c3-ea9cf6f3e141}" />
      <RootComponent type="60" id="{cdbb9298-3b2e-41f3-8f4a-0168d6b09fc4}" />
      <RootComponent type="60" id="{d880c3cf-80e2-42f3-82f9-24d040d09f17}" />
      <RootComponent type="60" id="{e3c588ee-8e11-49da-a5fe-3800f3f683de}" />
      <RootComponent type="60" id="{e8f97346-4f58-47de-964f-cbd64a52011b}" />
      <RootComponent type="60" id="{f3b707fb-3b5f-45f9-9c6b-5e573bb5d19e}" />
      <RootComponent type="60" id="{f520d4fe-96c8-4e4c-a30d-cde757e1f53b}" />
      <RootComponent type="61" schemaName="syt_authenticatehtml" behavior="0" />
      <RootComponent type="61" schemaName="syt_retweetpopup" behavior="0" />
      <RootComponent type="61" schemaName="syt_TweetAndClose" behavior="0" />
      <RootComponent type="61" schemaName="syt_TwitterBW16" behavior="0" />
      <RootComponent type="61" schemaName="syt_TwitterBW32" behavior="0" />
      <RootComponent type="61" schemaName="syt_twitterhtml" behavior="0" />
      <RootComponent type="91" id="{7fad85c6-1097-491a-af71-82cf1898e0f7}" schemaName="AppointmentNumberingPlugin, Version=1.0.0.0, Culture=neutral, PublicKeyToken=e516414d34200fc2" behavior="0" />
      <RootComponent type="91" id="{6059d019-a915-4ec6-b9e3-2af47940024e}" schemaName="Approval, Version=1.0.0.0, Culture=neutral, PublicKeyToken=4fd19d9beb00039d" behavior="0" />
      <RootComponent type="91" id="{d6aef68b-e33c-4f82-bf93-6b4b910e57a3}" schemaName="AutoNumberingPlugin, Version=1.0.0.0, Culture=neutral, PublicKeyToken=71a877d545142e85" behavior="0" />
      <RootComponent type="91" id="{e6baa33b-d516-452c-a8be-8ecc8d394f48}" schemaName="BANumberingPlugin, Version=1.0.0.0, Culture=neutral, PublicKeyToken=5cd133b4ed584e7f" behavior="0" />
      <RootComponent type="91" id="{11d019af-15be-4dd1-bd65-1858251e0f4d}" schemaName="EmailNumberingPlugin, Version=1.0.0.0, Culture=neutral, PublicKeyToken=ba2b3d2c62fbdd2f" behavior="0" />
      <RootComponent type="91" id="{e70b561b-5f51-4969-a5be-a8e7914a066d}" schemaName="PhoneNumberingPlugin, Version=1.0.0.0, Culture=neutral, PublicKeyToken=1076a6bfcf28e961" behavior="0" />
      <RootComponent type="91" id="{9a4597e5-4017-45fb-af53-057dc138a0fc}" schemaName="TaskNumberingPlugin, Version=1.0.0.0, Culture=neutral, PublicKeyToken=077389f38962a0af" behavior="0" />
      <RootComponent type="91" id="{01a02c81-0648-4a9c-b62a-ef7c367b1c01}" schemaName="TweetNumberingPlugin, Version=1.0.0.0, Culture=neutral, PublicKeyToken=ea8c1e0d8a2b3279" behavior="0" />
      <RootComponent type="91" id="{38383ec9-9562-4438-bc31-7b841c375071}" schemaName="TwitterPlugin, Version=1.0.0.0, Culture=neutral, PublicKeyToken=9a7ef9108d469216" behavior="0" />
      <RootComponent type="91" id="{614ae192-299b-4e72-b2e5-8e3926375351}" schemaName="UpdateTweet, Version=1.0.0.0, Culture=neutral, PublicKeyToken=f5b316d1096cf273" behavior="0" />
      <RootComponent type="92" id="{0c9feebf-8ac0-e711-a953-000d3af084bc}" behavior="0" />
      <RootComponent type="92" id="{14ea3da5-8dc0-e711-a953-000d3af071e4}" behavior="0" />
      <RootComponent type="92" id="{4c8fc391-d1c2-e711-a953-000d3af084bc}" behavior="0" />
      <RootComponent type="92" id="{758cdbe3-4dc4-e711-a952-000d3af07b7a}" behavior="0" />
      <RootComponent type="92" id="{816637a3-c8c2-e711-a952-000d3af089df}" behavior="0" />
      <RootComponent type="92" id="{92336ddd-48c0-e711-a951-000d3af083fb}" behavior="0" />
      <RootComponent type="92" id="{c53d5240-c7c2-e711-a952-000d3af089df}" behavior="0" />
      <RootComponent type="92" id="{cd73db69-d4c2-e711-a953-000d3af071e4}" behavior="0" />
      <RootComponent type="92" id="{fe48234b-c0c2-e711-a952-000d3af083fd}" behavior="0" />
    </RootComponents>
    <MissingDependencies>
      <MissingDependency>
        <Required key="0" type="1" schemaName="msdyn_bookingalert" displayName="Booking Alert" solution="MicrosoftDynamicsScheduling (2.1.0.26)" />
        <Dependent key="0" type="1" schemaName="msdyn_bookingalert" displayName="Booking Alert" />
      </MissingDependency>
      <MissingDependency>
        <Required key="1" type="1" schemaName="msdyn_approval" displayName="Approval" solution="ProjectService (2.1.0.30)" />
        <Dependent key="1" type="1" schemaName="msdyn_approval" displayName="Approval" />
      </MissingDependency>
      <MissingDependency>
        <Required key="2" type="1" schemaName="opportunity" displayName="Opportunity" solution="msdynce_Sales (9.0.2.18)" />
        <Dependent key="2" type="1" schemaName="opportunity" displayName="Opportunity" />
      </MissingDependency>
      <MissingDependency>
        <Required key="3" type="1" schemaName="incident" displayName="Case" solution="msdynce_Service (9.0.2.18)" />
        <Dependent key="3" type="1" schemaName="incident" displayName="Case" />
      </MissingDependency>
      <MissingDependency>
        <Required key="4" type="1" schemaName="quote" displayName="Quote" solution="msdynce_Sales (9.0.2.18)" />
        <Dependent key="5" type="60" displayName="Information" parentDisplayName="Opportunity" id="{a2a56263-ec37-4991-a3b0-e7b37a71d818}" />
      </MissingDependency>
      <MissingDependency>
        <Required key="6" type="1" schemaName="opportunityproduct" displayName="Opportunity Line" solution="msdynce_Sales (9.0.2.18)" />
        <Dependent key="5" type="60" displayName="Information" parentDisplayName="Opportunity" id="{a2a56263-ec37-4991-a3b0-e7b37a71d818}" />
      </MissingDependency>
      <MissingDependency>
        <Required key="4" type="1" schemaName="quote" displayName="Quote" solution="msdynce_Sales (9.0.2.18)" />
        <Dependent key="7" type="60" displayName="Opportunity" parentDisplayName="Opportunity" id="{a837e4a7-01b8-4f82-a475-be9abd67e667}" />
      </MissingDependency>
      <MissingDependency>
        <Required key="8" type="1" schemaName="competitor" displayName="Competitor" solution="msdynce_Sales (9.0.2.18)" />
        <Dependent key="7" type="60" displayName="Opportunity" parentDisplayName="Opportunity" id="{a837e4a7-01b8-4f82-a475-be9abd67e667}" />
      </MissingDependency>
      <MissingDependency>
        <Required key="6" type="1" schemaName="opportunityproduct" displayName="Opportunity Line" solution="msdynce_Sales (9.0.2.18)" />
        <Dependent key="7" type="60" displayName="Opportunity" parentDisplayName="Opportunity" id="{a837e4a7-01b8-4f82-a475-be9abd67e667}" />
      </MissingDependency>
      <MissingDependency>
        <Required key="9" type="1" schemaName="contract" displayName="Contract" solution="msdynce_Service (9.0.2.18)" />
        <Dependent key="10" type="60" displayName="Case" parentDisplayName="Case" id="{4a63c8d1-6c1e-48ec-9db4-3e6c7155334c}" />
      </MissingDependency>
      <MissingDependency>
        <Required key="11" type="1" schemaName="knowledgearticleincident" displayName="Knowledge Article Incident" solution="msdynce_Service (9.0.2.18)" />
        <Dependent key="10" type="60" displayName="Case" parentDisplayName="Case" id="{4a63c8d1-6c1e-48ec-9db4-3e6c7155334c}" />
      </MissingDependency>
      <MissingDependency>
        <Required key="12" type="2" schemaName="socialprofileid" displayName="Social Profile" parentSchemaName="incident" parentDisplayName="Case" solution="msdynce_Service (9.0.2.18)" />
        <Dependent key="10" type="60" displayName="Case" parentDisplayName="Case" id="{4a63c8d1-6c1e-48ec-9db4-3e6c7155334c}" />
      </MissingDependency>
      <MissingDependency>
        <Required key="13" type="2" schemaName="blockedprofile" displayName="Blocked Profile" parentSchemaName="incident" parentDisplayName="Case" solution="msdynce_Service (9.0.2.18)" />
        <Dependent key="10" type="60" displayName="Case" parentDisplayName="Case" id="{4a63c8d1-6c1e-48ec-9db4-3e6c7155334c}" />
      </MissingDependency>
      <MissingDependency>
        <Required key="14" type="2" schemaName="description" displayName="Description" parentSchemaName="incident" parentDisplayName="Case" solution="msdynce_Service (9.0.2.18)" />
        <Dependent key="10" type="60" displayName="Case" parentDisplayName="Case" id="{4a63c8d1-6c1e-48ec-9db4-3e6c7155334c}" />
      </MissingDependency>
      <MissingDependency>
        <Required key="15" type="2" schemaName="statuscode" displayName="Status Reason" parentSchemaName="incident" parentDisplayName="Case" solution="msdynce_Service (9.0.2.18)" />
        <Dependent key="10" type="60" displayName="Case" parentDisplayName="Case" id="{4a63c8d1-6c1e-48ec-9db4-3e6c7155334c}" />
      </MissingDependency>
      <MissingDependency>
        <Required key="16" type="2" schemaName="firstresponsesent" displayName="First Response Sent" parentSchemaName="incident" parentDisplayName="Case" solution="msdynce_Service (9.0.2.18)" />
        <Dependent key="10" type="60" displayName="Case" parentDisplayName="Case" id="{4a63c8d1-6c1e-48ec-9db4-3e6c7155334c}" />
      </MissingDependency>
      <MissingDependency>
        <Required key="17" type="2" schemaName="contractservicelevelcode" displayName="Service Level" parentSchemaName="incident" parentDisplayName="Case" solution="msdynce_Service (9.0.2.18)" />
        <Dependent key="10" type="60" displayName="Case" parentDisplayName="Case" id="{4a63c8d1-6c1e-48ec-9db4-3e6c7155334c}" />
      </MissingDependency>
      <MissingDependency>
        <Required key="18" type="2" schemaName="parentcaseid" displayName="Parent Case" parentSchemaName="incident" parentDisplayName="Case" solution="msdynce_Service (9.0.2.18)" />
        <Dependent key="10" type="60" displayName="Case" parentDisplayName="Case" id="{4a63c8d1-6c1e-48ec-9db4-3e6c7155334c}" />
      </MissingDependency>
      <MissingDependency>
        <Required key="19" type="2" schemaName="title" displayName="Case Title" parentSchemaName="incident" parentDisplayName="Case" solution="msdynce_Service (9.0.2.18)" />
        <Dependent key="10" type="60" displayName="Case" parentDisplayName="Case" id="{4a63c8d1-6c1e-48ec-9db4-3e6c7155334c}" />
      </MissingDependency>
      <MissingDependency>
        <Required key="20" type="2" schemaName="resolvebykpiid" displayName="Resolve By KPI" parentSchemaName="incident" parentDisplayName="Case" solution="msdynce_Service (9.0.2.18)" />
        <Dependent key="10" type="60" displayName="Case" parentDisplayName="Case" id="{4a63c8d1-6c1e-48ec-9db4-3e6c7155334c}" />
      </MissingDependency>
      <MissingDependency>
        <Required key="21" type="2" schemaName="influencescore" displayName="Influence Score" parentSchemaName="incident" parentDisplayName="Case" solution="msdynce_Service (9.0.2.18)" />
        <Dependent key="10" type="60" displayName="Case" parentDisplayName="Case" id="{4a63c8d1-6c1e-48ec-9db4-3e6c7155334c}" />
      </MissingDependency>
      <MissingDependency>
        <Required key="22" type="2" schemaName="prioritycode" displayName="Priority" parentSchemaName="incident" parentDisplayName="Case" solution="msdynce_Service (9.0.2.18)" />
        <Dependent key="10" type="60" displayName="Case" parentDisplayName="Case" id="{4a63c8d1-6c1e-48ec-9db4-3e6c7155334c}" />
      </MissingDependency>
      <MissingDependency>
        <Required key="23" type="2" schemaName="escalatedon" displayName="Escalated On" parentSchemaName="incident" parentDisplayName="Case" solution="msdynce_Service (9.0.2.18)" />
        <Dependent key="10" type="60" displayName="Case" parentDisplayName="Case" id="{4a63c8d1-6c1e-48ec-9db4-3e6c7155334c}" />
      </MissingDependency>
      <MissingDependency>
        <Required key="24" type="2" schemaName="isescalated" displayName="Is Escalated" parentSchemaName="incident" parentDisplayName="Case" solution="msdynce_Service (9.0.2.18)" />
        <Dependent key="10" type="60" displayName="Case" parentDisplayName="Case" id="{4a63c8d1-6c1e-48ec-9db4-3e6c7155334c}" />
      </MissingDependency>
      <MissingDependency>
        <Required key="25" type="2" schemaName="productserialnumber" displayName="Serial Number" parentSchemaName="incident" parentDisplayName="Case" solution="msdynce_Service (9.0.2.18)" />
        <Dependent key="10" type="60" displayName="Case" parentDisplayName="Case" id="{4a63c8d1-6c1e-48ec-9db4-3e6c7155334c}" />
      </MissingDependency>
      <MissingDependency>
        <Required key="26" type="2" schemaName="ownerid" displayName="Owner" parentSchemaName="incident" parentDisplayName="Case" solution="msdynce_Service (9.0.2.18)" />
        <Dependent key="10" type="60" displayName="Case" parentDisplayName="Case" id="{4a63c8d1-6c1e-48ec-9db4-3e6c7155334c}" />
      </MissingDependency>
      <MissingDependency>
        <Required key="27" type="2" schemaName="customerid" displayName="Customer" parentSchemaName="incident" parentDisplayName="Case" solution="msdynce_Service (9.0.2.18)" />
        <Dependent key="10" type="60" displayName="Case" parentDisplayName="Case" id="{4a63c8d1-6c1e-48ec-9db4-3e6c7155334c}" />
      </MissingDependency>
      <MissingDependency>
        <Required key="28" type="2" schemaName="contractdetailid" displayName="Contract Line" parentSchemaName="incident" parentDisplayName="Case" solution="msdynce_Service (9.0.2.18)" />
        <Dependent key="10" type="60" displayName="Case" parentDisplayName="Case" id="{4a63c8d1-6c1e-48ec-9db4-3e6c7155334c}" />
      </MissingDependency>
      <MissingDependency>
        <Required key="29" type="2" schemaName="productid" displayName="Product" parentSchemaName="incident" parentDisplayName="Case" solution="msdynce_Service (9.0.2.18)" />
        <Dependent key="10" type="60" displayName="Case" parentDisplayName="Case" id="{4a63c8d1-6c1e-48ec-9db4-3e6c7155334c}" />
      </MissingDependency>
      <MissingDependency>
        <Required key="30" type="2" schemaName="subjectid" displayName="Subject" parentSchemaName="incident" parentDisplayName="Case" solution="msdynce_Service (9.0.2.18)" />
        <Dependent key="10" type="60" displayName="Case" parentDisplayName="Case" id="{4a63c8d1-6c1e-48ec-9db4-3e6c7155334c}" />
      </MissingDependency>
      <MissingDependency>
        <Required key="31" type="2" schemaName="primarycontactid" displayName="Contact" parentSchemaName="incident" parentDisplayName="Case" solution="msdynce_Service (9.0.2.18)" />
        <Dependent key="10" type="60" displayName="Case" parentDisplayName="Case" id="{4a63c8d1-6c1e-48ec-9db4-3e6c7155334c}" />
      </MissingDependency>
      <MissingDependency>
        <Required key="32" type="2" schemaName="msdyn_incidenttype" displayName="Incident Type" parentSchemaName="incident" parentDisplayName="Case" solution="FieldService (7.1.0.33)" />
        <Dependent key="10" type="60" displayName="Case" parentDisplayName="Case" id="{4a63c8d1-6c1e-48ec-9db4-3e6c7155334c}" />
      </MissingDependency>
      <MissingDependency>
        <Required key="33" type="2" schemaName="responseby" displayName="First Response By" parentSchemaName="incident" parentDisplayName="Case" solution="msdynce_Service (9.0.2.18)" />
        <Dependent key="10" type="60" displayName="Case" parentDisplayName="Case" id="{4a63c8d1-6c1e-48ec-9db4-3e6c7155334c}" />
      </MissingDependency>
      <MissingDependency>
        <Required key="34" type="2" schemaName="kbarticleid" displayName="Knowledge Base Article" parentSchemaName="incident" parentDisplayName="Case" solution="msdynce_Service (9.0.2.18)" />
        <Dependent key="10" type="60" displayName="Case" parentDisplayName="Case" id="{4a63c8d1-6c1e-48ec-9db4-3e6c7155334c}" />
      </MissingDependency>
      <MissingDependency>
        <Required key="35" type="2" schemaName="messagetypecode" displayName="Received As" parentSchemaName="incident" parentDisplayName="Case" solution="msdynce_Service (9.0.2.18)" />
        <Dependent key="10" type="60" displayName="Case" parentDisplayName="Case" id="{4a63c8d1-6c1e-48ec-9db4-3e6c7155334c}" />
      </MissingDependency>
      <MissingDependency>
        <Required key="36" type="2" schemaName="resolveby" displayName="Resolve By" parentSchemaName="incident" parentDisplayName="Case" solution="msdynce_Service (9.0.2.18)" />
        <Dependent key="10" type="60" displayName="Case" parentDisplayName="Case" id="{4a63c8d1-6c1e-48ec-9db4-3e6c7155334c}" />
      </MissingDependency>
      <MissingDependency>
        <Required key="37" type="2" schemaName="entitlementid" displayName="Entitlement" parentSchemaName="incident" parentDisplayName="Case" solution="msdynce_Service (9.0.2.18)" />
        <Dependent key="10" type="60" displayName="Case" parentDisplayName="Case" id="{4a63c8d1-6c1e-48ec-9db4-3e6c7155334c}" />
      </MissingDependency>
      <MissingDependency>
        <Required key="38" type="2" schemaName="casetypecode" displayName="Case Type" parentSchemaName="incident" parentDisplayName="Case" solution="msdynce_Service (9.0.2.18)" />
        <Dependent key="10" type="60" displayName="Case" parentDisplayName="Case" id="{4a63c8d1-6c1e-48ec-9db4-3e6c7155334c}" />
      </MissingDependency>
      <MissingDependency>
        <Required key="39" type="2" schemaName="caseorigincode" displayName="Origin" parentSchemaName="incident" parentDisplayName="Case" solution="msdynce_Service (9.0.2.18)" />
        <Dependent key="10" type="60" displayName="Case" parentDisplayName="Case" id="{4a63c8d1-6c1e-48ec-9db4-3e6c7155334c}" />
      </MissingDependency>
      <MissingDependency>
        <Required key="40" type="2" schemaName="createdon" displayName="Created On" parentSchemaName="incident" parentDisplayName="Case" solution="msdynce_Service (9.0.2.18)" />
        <Dependent key="10" type="60" displayName="Case" parentDisplayName="Case" id="{4a63c8d1-6c1e-48ec-9db4-3e6c7155334c}" />
      </MissingDependency>
      <MissingDependency>
        <Required key="41" type="2" schemaName="estimatedvalue" displayName="Est. Revenue" parentSchemaName="opportunity" parentDisplayName="Opportunity" solution="msdynce_Sales (9.0.2.18)" />
        <Dependent key="7" type="60" displayName="Opportunity" parentDisplayName="Opportunity" id="{a837e4a7-01b8-4f82-a475-be9abd67e667}" />
      </MissingDependency>
      <MissingDependency>
        <Required key="42" type="2" schemaName="name" displayName="Topic" parentSchemaName="opportunity" parentDisplayName="Opportunity" solution="msdynce_Sales (9.0.2.18)" />
        <Dependent key="7" type="60" displayName="Opportunity" parentDisplayName="Opportunity" id="{a837e4a7-01b8-4f82-a475-be9abd67e667}" />
      </MissingDependency>
      <MissingDependency>
        <Required key="43" type="2" schemaName="followupby" displayName="Follow Up By" parentSchemaName="incident" parentDisplayName="Case" solution="msdynce_Service (9.0.2.18)" />
        <Dependent key="10" type="60" displayName="Case" parentDisplayName="Case" id="{4a63c8d1-6c1e-48ec-9db4-3e6c7155334c}" />
      </MissingDependency>
      <MissingDependency>
        <Required key="44" type="2" schemaName="sentimentvalue" displayName="Sentiment Value" parentSchemaName="incident" parentDisplayName="Case" solution="msdynce_Service (9.0.2.18)" />
        <Dependent key="10" type="60" displayName="Case" parentDisplayName="Case" id="{4a63c8d1-6c1e-48ec-9db4-3e6c7155334c}" />
      </MissingDependency>
      <MissingDependency>
        <Required key="45" type="2" schemaName="ticketnumber" displayName="Case Number" parentSchemaName="incident" parentDisplayName="Case" solution="msdynce_Service (9.0.2.18)" />
        <Dependent key="10" type="60" displayName="Case" parentDisplayName="Case" id="{4a63c8d1-6c1e-48ec-9db4-3e6c7155334c}" />
      </MissingDependency>
      <MissingDependency>
        <Required key="46" type="2" schemaName="contractid" displayName="Contract" parentSchemaName="incident" parentDisplayName="Case" solution="msdynce_Service (9.0.2.18)" />
        <Dependent key="10" type="60" displayName="Case" parentDisplayName="Case" id="{4a63c8d1-6c1e-48ec-9db4-3e6c7155334c}" />
      </MissingDependency>
      <MissingDependency>
        <Required key="47" type="2" schemaName="firstresponsebykpiid" displayName="First Response By KPI" parentSchemaName="incident" parentDisplayName="Case" solution="msdynce_Service (9.0.2.18)" />
        <Dependent key="10" type="60" displayName="Case" parentDisplayName="Case" id="{4a63c8d1-6c1e-48ec-9db4-3e6c7155334c}" />
      </MissingDependency>
      <MissingDependency>
        <Required key="48" type="2" schemaName="totalamountlessfreight" displayName="Total Pre-Freight Amount" parentSchemaName="opportunity" parentDisplayName="Opportunity" solution="msdynce_Sales (9.0.2.18)" />
        <Dependent key="7" type="60" displayName="Opportunity" parentDisplayName="Opportunity" id="{a837e4a7-01b8-4f82-a475-be9abd67e667}" />
      </MissingDependency>
      <MissingDependency>
        <Required key="49" type="2" schemaName="discountamount" displayName="Opportunity Discount Amount" parentSchemaName="opportunity" parentDisplayName="Opportunity" solution="msdynce_Sales (9.0.2.18)" />
        <Dependent key="7" type="60" displayName="Opportunity" parentDisplayName="Opportunity" id="{a837e4a7-01b8-4f82-a475-be9abd67e667}" />
      </MissingDependency>
      <MissingDependency>
        <Required key="50" type="2" schemaName="freightamount" displayName="Freight Amount" parentSchemaName="opportunity" parentDisplayName="Opportunity" solution="msdynce_Sales (9.0.2.18)" />
        <Dependent key="7" type="60" displayName="Opportunity" parentDisplayName="Opportunity" id="{a837e4a7-01b8-4f82-a475-be9abd67e667}" />
      </MissingDependency>
      <MissingDependency>
        <Required key="51" type="2" schemaName="discountpercentage" displayName="Opportunity Discount (%)" parentSchemaName="opportunity" parentDisplayName="Opportunity" solution="msdynce_Sales (9.0.2.18)" />
        <Dependent key="7" type="60" displayName="Opportunity" parentDisplayName="Opportunity" id="{a837e4a7-01b8-4f82-a475-be9abd67e667}" />
      </MissingDependency>
      <MissingDependency>
        <Required key="52" type="2" schemaName="msdyn_ordertype" displayName="Order Type" parentSchemaName="opportunity" parentDisplayName="Opportunity" solution="ProjectService (2.1.0.30)" />
        <Dependent key="7" type="60" displayName="Opportunity" parentDisplayName="Opportunity" id="{a837e4a7-01b8-4f82-a475-be9abd67e667}" />
      </MissingDependency>
      <MissingDependency>
        <Required key="53" type="2" schemaName="estimatedclosedate" displayName="Est. Close Date" parentSchemaName="opportunity" parentDisplayName="Opportunity" solution="msdynce_Sales (9.0.2.18)" />
        <Dependent key="7" type="60" displayName="Opportunity" parentDisplayName="Opportunity" id="{a837e4a7-01b8-4f82-a475-be9abd67e667}" />
      </MissingDependency>
      <MissingDependency>
        <Required key="54" type="2" schemaName="description" displayName="Description" parentSchemaName="opportunity" parentDisplayName="Opportunity" solution="msdynce_Sales (9.0.2.18)" />
        <Dependent key="7" type="60" displayName="Opportunity" parentDisplayName="Opportunity" id="{a837e4a7-01b8-4f82-a475-be9abd67e667}" />
      </MissingDependency>
      <MissingDependency>
        <Required key="55" type="2" schemaName="isrevenuesystemcalculated" displayName="Revenue" parentSchemaName="opportunity" parentDisplayName="Opportunity" solution="msdynce_Sales (9.0.2.18)" />
        <Dependent key="7" type="60" displayName="Opportunity" parentDisplayName="Opportunity" id="{a837e4a7-01b8-4f82-a475-be9abd67e667}" />
      </MissingDependency>
      <MissingDependency>
        <Required key="56" type="2" schemaName="salesstage" displayName="Sales Stage" parentSchemaName="opportunity" parentDisplayName="Opportunity" solution="msdynce_Sales (9.0.2.18)" />
        <Dependent key="7" type="60" displayName="Opportunity" parentDisplayName="Opportunity" id="{a837e4a7-01b8-4f82-a475-be9abd67e667}" />
      </MissingDependency>
      <MissingDependency>
        <Required key="57" type="2" schemaName="pricelevelid" displayName="Price List" parentSchemaName="opportunity" parentDisplayName="Opportunity" solution="msdynce_Sales (9.0.2.18)" />
        <Dependent key="7" type="60" displayName="Opportunity" parentDisplayName="Opportunity" id="{a837e4a7-01b8-4f82-a475-be9abd67e667}" />
      </MissingDependency>
      <MissingDependency>
        <Required key="58" type="2" schemaName="customerneed" displayName="Customer Need" parentSchemaName="opportunity" parentDisplayName="Opportunity" solution="msdynce_Sales (9.0.2.18)" />
        <Dependent key="7" type="60" displayName="Opportunity" parentDisplayName="Opportunity" id="{a837e4a7-01b8-4f82-a475-be9abd67e667}" />
      </MissingDependency>
      <MissingDependency>
        <Required key="59" type="2" schemaName="parentaccountid" displayName="Account" parentSchemaName="opportunity" parentDisplayName="Opportunity" solution="msdynce_Sales (9.0.2.18)" />
        <Dependent key="7" type="60" displayName="Opportunity" parentDisplayName="Opportunity" id="{a837e4a7-01b8-4f82-a475-be9abd67e667}" />
      </MissingDependency>
      <MissingDependency>
        <Required key="60" type="2" schemaName="transactioncurrencyid" displayName="Currency" parentSchemaName="opportunity" parentDisplayName="Opportunity" solution="msdynce_Sales (9.0.2.18)" />
        <Dependent key="7" type="60" displayName="Opportunity" parentDisplayName="Opportunity" id="{a837e4a7-01b8-4f82-a475-be9abd67e667}" />
      </MissingDependency>
      <MissingDependency>
        <Required key="61" type="2" schemaName="closeprobability" displayName="Probability" parentSchemaName="opportunity" parentDisplayName="Opportunity" solution="msdynce_Sales (9.0.2.18)" />
        <Dependent key="7" type="60" displayName="Opportunity" parentDisplayName="Opportunity" id="{a837e4a7-01b8-4f82-a475-be9abd67e667}" />
      </MissingDependency>
      <MissingDependency>
        <Required key="62" type="2" schemaName="parentcontactid" displayName="Contact" parentSchemaName="opportunity" parentDisplayName="Opportunity" solution="msdynce_Sales (9.0.2.18)" />
        <Dependent key="7" type="60" displayName="Opportunity" parentDisplayName="Opportunity" id="{a837e4a7-01b8-4f82-a475-be9abd67e667}" />
      </MissingDependency>
      <MissingDependency>
        <Required key="63" type="2" schemaName="ownerid" displayName="Owner" parentSchemaName="opportunity" parentDisplayName="Opportunity" solution="msdynce_Sales (9.0.2.18)" />
        <Dependent key="7" type="60" displayName="Opportunity" parentDisplayName="Opportunity" id="{a837e4a7-01b8-4f82-a475-be9abd67e667}" />
      </MissingDependency>
      <MissingDependency>
        <Required key="64" type="2" schemaName="currentsituation" displayName="Current Situation" parentSchemaName="opportunity" parentDisplayName="Opportunity" solution="msdynce_Sales (9.0.2.18)" />
        <Dependent key="7" type="60" displayName="Opportunity" parentDisplayName="Opportunity" id="{a837e4a7-01b8-4f82-a475-be9abd67e667}" />
      </MissingDependency>
      <MissingDependency>
        <Required key="65" type="2" schemaName="totalamount" displayName="Total Amount" parentSchemaName="opportunity" parentDisplayName="Opportunity" solution="msdynce_Sales (9.0.2.18)" />
        <Dependent key="7" type="60" displayName="Opportunity" parentDisplayName="Opportunity" id="{a837e4a7-01b8-4f82-a475-be9abd67e667}" />
      </MissingDependency>
      <MissingDependency>
        <Required key="66" type="2" schemaName="totaltax" displayName="Total Tax" parentSchemaName="opportunity" parentDisplayName="Opportunity" solution="msdynce_Sales (9.0.2.18)" />
        <Dependent key="7" type="60" displayName="Opportunity" parentDisplayName="Opportunity" id="{a837e4a7-01b8-4f82-a475-be9abd67e667}" />
      </MissingDependency>
      <MissingDependency>
        <Required key="67" type="2" schemaName="totallineitemamount" displayName="Total Detail Amount" parentSchemaName="opportunity" parentDisplayName="Opportunity" solution="msdynce_Sales (9.0.2.18)" />
        <Dependent key="7" type="60" displayName="Opportunity" parentDisplayName="Opportunity" id="{a837e4a7-01b8-4f82-a475-be9abd67e667}" />
      </MissingDependency>
      <MissingDependency>
        <Required key="61" type="2" schemaName="closeprobability" displayName="Probability" parentSchemaName="opportunity" parentDisplayName="Opportunity" solution="msdynce_Sales (9.0.2.18)" />
        <Dependent key="5" type="60" displayName="Information" parentDisplayName="Opportunity" id="{a2a56263-ec37-4991-a3b0-e7b37a71d818}" />
      </MissingDependency>
      <MissingDependency>
        <Required key="67" type="2" schemaName="totallineitemamount" displayName="Total Detail Amount" parentSchemaName="opportunity" parentDisplayName="Opportunity" solution="msdynce_Sales (9.0.2.18)" />
        <Dependent key="5" type="60" displayName="Information" parentDisplayName="Opportunity" id="{a2a56263-ec37-4991-a3b0-e7b37a71d818}" />
      </MissingDependency>
      <MissingDependency>
        <Required key="68" type="2" schemaName="msdyn_workordertype" displayName="Work Order Type" parentSchemaName="opportunity" parentDisplayName="Opportunity" solution="FieldService (7.1.0.33)" />
        <Dependent key="7" type="60" displayName="Opportunity" parentDisplayName="Opportunity" id="{a837e4a7-01b8-4f82-a475-be9abd67e667}" />
      </MissingDependency>
      <MissingDependency>
        <Required key="69" type="2" schemaName="proposedsolution" displayName="Proposed Solution" parentSchemaName="opportunity" parentDisplayName="Opportunity" solution="msdynce_Sales (9.0.2.18)" />
        <Dependent key="7" type="60" displayName="Opportunity" parentDisplayName="Opportunity" id="{a837e4a7-01b8-4f82-a475-be9abd67e667}" />
      </MissingDependency>
      <MissingDependency>
        <Required key="55" type="2" schemaName="isrevenuesystemcalculated" displayName="Revenue" parentSchemaName="opportunity" parentDisplayName="Opportunity" solution="msdynce_Sales (9.0.2.18)" />
        <Dependent key="5" type="60" displayName="Information" parentDisplayName="Opportunity" id="{a2a56263-ec37-4991-a3b0-e7b37a71d818}" />
      </MissingDependency>
      <MissingDependency>
        <Required key="70" type="2" schemaName="campaignid" displayName="Source Campaign" parentSchemaName="opportunity" parentDisplayName="Opportunity" solution="msdynce_MarketingSales (9.0.2.18)" />
        <Dependent key="5" type="60" displayName="Information" parentDisplayName="Opportunity" id="{a2a56263-ec37-4991-a3b0-e7b37a71d818}" />
      </MissingDependency>
      <MissingDependency>
        <Required key="51" type="2" schemaName="discountpercentage" displayName="Opportunity Discount (%)" parentSchemaName="opportunity" parentDisplayName="Opportunity" solution="msdynce_Sales (9.0.2.18)" />
        <Dependent key="5" type="60" displayName="Information" parentDisplayName="Opportunity" id="{a2a56263-ec37-4991-a3b0-e7b37a71d818}" />
      </MissingDependency>
      <MissingDependency>
        <Required key="50" type="2" schemaName="freightamount" displayName="Freight Amount" parentSchemaName="opportunity" parentDisplayName="Opportunity" solution="msdynce_Sales (9.0.2.18)" />
        <Dependent key="5" type="60" displayName="Information" parentDisplayName="Opportunity" id="{a2a56263-ec37-4991-a3b0-e7b37a71d818}" />
      </MissingDependency>
      <MissingDependency>
        <Required key="71" type="2" schemaName="statuscode" displayName="Status Reason" parentSchemaName="opportunity" parentDisplayName="Opportunity" solution="msdynce_Sales (9.0.2.18)" />
        <Dependent key="5" type="60" displayName="Information" parentDisplayName="Opportunity" id="{a2a56263-ec37-4991-a3b0-e7b37a71d818}" />
      </MissingDependency>
      <MissingDependency>
        <Required key="49" type="2" schemaName="discountamount" displayName="Opportunity Discount Amount" parentSchemaName="opportunity" parentDisplayName="Opportunity" solution="msdynce_Sales (9.0.2.18)" />
        <Dependent key="5" type="60" displayName="Information" parentDisplayName="Opportunity" id="{a2a56263-ec37-4991-a3b0-e7b37a71d818}" />
      </MissingDependency>
      <MissingDependency>
        <Required key="72" type="2" schemaName="originatingleadid" displayName="Originating Lead" parentSchemaName="opportunity" parentDisplayName="Opportunity" solution="msdynce_Sales (9.0.2.18)" />
        <Dependent key="5" type="60" displayName="Information" parentDisplayName="Opportunity" id="{a2a56263-ec37-4991-a3b0-e7b37a71d818}" />
      </MissingDependency>
      <MissingDependency>
        <Required key="48" type="2" schemaName="totalamountlessfreight" displayName="Total Pre-Freight Amount" parentSchemaName="opportunity" parentDisplayName="Opportunity" solution="msdynce_Sales (9.0.2.18)" />
        <Dependent key="5" type="60" displayName="Information" parentDisplayName="Opportunity" id="{a2a56263-ec37-4991-a3b0-e7b37a71d818}" />
      </MissingDependency>
      <MissingDependency>
        <Required key="66" type="2" schemaName="totaltax" displayName="Total Tax" parentSchemaName="opportunity" parentDisplayName="Opportunity" solution="msdynce_Sales (9.0.2.18)" />
        <Dependent key="5" type="60" displayName="Information" parentDisplayName="Opportunity" id="{a2a56263-ec37-4991-a3b0-e7b37a71d818}" />
      </MissingDependency>
      <MissingDependency>
        <Required key="60" type="2" schemaName="transactioncurrencyid" displayName="Currency" parentSchemaName="opportunity" parentDisplayName="Opportunity" solution="msdynce_Sales (9.0.2.18)" />
        <Dependent key="5" type="60" displayName="Information" parentDisplayName="Opportunity" id="{a2a56263-ec37-4991-a3b0-e7b37a71d818}" />
      </MissingDependency>
      <MissingDependency>
        <Required key="65" type="2" schemaName="totalamount" displayName="Total Amount" parentSchemaName="opportunity" parentDisplayName="Opportunity" solution="msdynce_Sales (9.0.2.18)" />
        <Dependent key="5" type="60" displayName="Information" parentDisplayName="Opportunity" id="{a2a56263-ec37-4991-a3b0-e7b37a71d818}" />
      </MissingDependency>
      <MissingDependency>
        <Required key="53" type="2" schemaName="estimatedclosedate" displayName="Est. Close Date" parentSchemaName="opportunity" parentDisplayName="Opportunity" solution="msdynce_Sales (9.0.2.18)" />
        <Dependent key="5" type="60" displayName="Information" parentDisplayName="Opportunity" id="{a2a56263-ec37-4991-a3b0-e7b37a71d818}" />
      </MissingDependency>
      <MissingDependency>
        <Required key="73" type="2" schemaName="opportunityratingcode" displayName="Rating" parentSchemaName="opportunity" parentDisplayName="Opportunity" solution="msdynce_Sales (9.0.2.18)" />
        <Dependent key="5" type="60" displayName="Information" parentDisplayName="Opportunity" id="{a2a56263-ec37-4991-a3b0-e7b37a71d818}" />
      </MissingDependency>
      <MissingDependency>
        <Required key="42" type="2" schemaName="name" displayName="Topic" parentSchemaName="opportunity" parentDisplayName="Opportunity" solution="msdynce_Sales (9.0.2.18)" />
        <Dependent key="5" type="60" displayName="Information" parentDisplayName="Opportunity" id="{a2a56263-ec37-4991-a3b0-e7b37a71d818}" />
      </MissingDependency>
      <MissingDependency>
        <Required key="54" type="2" schemaName="description" displayName="Description" parentSchemaName="opportunity" parentDisplayName="Opportunity" solution="msdynce_Sales (9.0.2.18)" />
        <Dependent key="5" type="60" displayName="Information" parentDisplayName="Opportunity" id="{a2a56263-ec37-4991-a3b0-e7b37a71d818}" />
      </MissingDependency>
      <MissingDependency>
        <Required key="74" type="2" schemaName="customerid" displayName="Potential Customer" parentSchemaName="opportunity" parentDisplayName="Opportunity" solution="msdynce_Sales (9.0.2.18)" />
        <Dependent key="5" type="60" displayName="Information" parentDisplayName="Opportunity" id="{a2a56263-ec37-4991-a3b0-e7b37a71d818}" />
      </MissingDependency>
      <MissingDependency>
        <Required key="41" type="2" schemaName="estimatedvalue" displayName="Est. Revenue" parentSchemaName="opportunity" parentDisplayName="Opportunity" solution="msdynce_Sales (9.0.2.18)" />
        <Dependent key="5" type="60" displayName="Information" parentDisplayName="Opportunity" id="{a2a56263-ec37-4991-a3b0-e7b37a71d818}" />
      </MissingDependency>
      <MissingDependency>
        <Required key="57" type="2" schemaName="pricelevelid" displayName="Price List" parentSchemaName="opportunity" parentDisplayName="Opportunity" solution="msdynce_Sales (9.0.2.18)" />
        <Dependent key="5" type="60" displayName="Information" parentDisplayName="Opportunity" id="{a2a56263-ec37-4991-a3b0-e7b37a71d818}" />
      </MissingDependency>
      <MissingDependency>
        <Required key="75" type="2" schemaName="subject" displayName="Subject" parentSchemaName="msdyn_approval" parentDisplayName="Approval" solution="ProjectService (2.1.0.30)" />
        <Dependent key="76" type="60" displayName="Information" parentDisplayName="Approval" id="{90346b4f-8258-47fa-8f6a-3bf39356700f}" />
      </MissingDependency>
      <MissingDependency>
        <Required key="77" type="2" schemaName="msdyn_characteristic" displayName="Characteristic" parentSchemaName="msdyn_approval" parentDisplayName="Approval" solution="ProjectService (2.1.0.30)" />
        <Dependent key="76" type="60" displayName="Information" parentDisplayName="Approval" id="{90346b4f-8258-47fa-8f6a-3bf39356700f}" />
      </MissingDependency>
      <MissingDependency>
        <Required key="78" type="2" schemaName="statecode" displayName="Activity Status" parentSchemaName="msdyn_approval" parentDisplayName="Approval" solution="ProjectService (2.1.0.30)" />
        <Dependent key="76" type="60" displayName="Information" parentDisplayName="Approval" id="{90346b4f-8258-47fa-8f6a-3bf39356700f}" />
      </MissingDependency>
      <MissingDependency>
        <Required key="79" type="2" schemaName="ownerid" displayName="Owner" parentSchemaName="msdyn_approval" parentDisplayName="Approval" solution="Active" />
        <Dependent key="76" type="60" displayName="Information" parentDisplayName="Approval" id="{90346b4f-8258-47fa-8f6a-3bf39356700f}" />
      </MissingDependency>
      <MissingDependency>
        <Required key="80" type="2" schemaName="to" displayName="Approvers" parentSchemaName="msdyn_approval" parentDisplayName="Approval" solution="Active" />
        <Dependent key="76" type="60" displayName="Information" parentDisplayName="Approval" id="{90346b4f-8258-47fa-8f6a-3bf39356700f}" />
      </MissingDependency>
      <MissingDependency>
        <Required key="63" type="2" schemaName="ownerid" displayName="Owner" parentSchemaName="opportunity" parentDisplayName="Opportunity" solution="msdynce_Sales (9.0.2.18)" />
        <Dependent key="5" type="60" displayName="Information" parentDisplayName="Opportunity" id="{a2a56263-ec37-4991-a3b0-e7b37a71d818}" />
      </MissingDependency>
      <MissingDependency>
        <Required key="81" type="2" schemaName="msdyn_approvalstatus" displayName="Approval Status" parentSchemaName="msdyn_approval" parentDisplayName="Approval" solution="ProjectService (2.1.0.30)" />
        <Dependent key="76" type="60" displayName="Information" parentDisplayName="Approval" id="{90346b4f-8258-47fa-8f6a-3bf39356700f}" />
      </MissingDependency>
      <MissingDependency>
        <Required key="82" type="2" schemaName="prioritycode" displayName="Priority" parentSchemaName="msdyn_bookingalert" parentDisplayName="Booking Alert" solution="MicrosoftDynamicsScheduling (2.1.0.26)" />
        <Dependent key="83" type="60" displayName="Information" parentDisplayName="Booking Alert" id="{f520d4fe-96c8-4e4c-a30d-cde757e1f53b}" />
      </MissingDependency>
      <MissingDependency>
        <Required key="84" type="2" schemaName="regardingobjectid" displayName="Regarding" parentSchemaName="msdyn_bookingalert" parentDisplayName="Booking Alert" solution="Active" />
        <Dependent key="83" type="60" displayName="Information" parentDisplayName="Booking Alert" id="{f520d4fe-96c8-4e4c-a30d-cde757e1f53b}" />
      </MissingDependency>
      <MissingDependency>
        <Required key="85" type="2" schemaName="statecode" displayName="Activity Status" parentSchemaName="msdyn_bookingalert" parentDisplayName="Booking Alert" solution="MicrosoftDynamicsScheduling (2.1.0.26)" />
        <Dependent key="83" type="60" displayName="Information" parentDisplayName="Booking Alert" id="{f520d4fe-96c8-4e4c-a30d-cde757e1f53b}" />
      </MissingDependency>
      <MissingDependency>
        <Required key="86" type="2" schemaName="subject" displayName="Subject" parentSchemaName="msdyn_bookingalert" parentDisplayName="Booking Alert" solution="MicrosoftDynamicsScheduling (2.1.0.26)" />
        <Dependent key="83" type="60" displayName="Information" parentDisplayName="Booking Alert" id="{f520d4fe-96c8-4e4c-a30d-cde757e1f53b}" />
      </MissingDependency>
      <MissingDependency>
        <Required key="87" type="2" schemaName="requiredattendees" displayName="Assignees" parentSchemaName="msdyn_bookingalert" parentDisplayName="Booking Alert" solution="Active" />
        <Dependent key="83" type="60" displayName="Information" parentDisplayName="Booking Alert" id="{f520d4fe-96c8-4e4c-a30d-cde757e1f53b}" />
      </MissingDependency>
      <MissingDependency>
        <Required key="88" type="2" schemaName="scheduledend" displayName="Due Date" parentSchemaName="msdyn_bookingalert" parentDisplayName="Booking Alert" solution="MicrosoftDynamicsScheduling (2.1.0.26)" />
        <Dependent key="83" type="60" displayName="Information" parentDisplayName="Booking Alert" id="{f520d4fe-96c8-4e4c-a30d-cde757e1f53b}" />
      </MissingDependency>
      <MissingDependency>
        <Required key="89" type="2" schemaName="ownerid" displayName="Owner" parentSchemaName="msdyn_bookingalert" parentDisplayName="Booking Alert" solution="Active" />
        <Dependent key="83" type="60" displayName="Information" parentDisplayName="Booking Alert" id="{f520d4fe-96c8-4e4c-a30d-cde757e1f53b}" />
      </MissingDependency>
      <MissingDependency>
        <Required key="90" type="2" schemaName="description" displayName="Description" parentSchemaName="msdyn_bookingalert" parentDisplayName="Booking Alert" solution="MicrosoftDynamicsScheduling (2.1.0.26)" />
        <Dependent key="83" type="60" displayName="Information" parentDisplayName="Booking Alert" id="{f520d4fe-96c8-4e4c-a30d-cde757e1f53b}" />
      </MissingDependency>
      <MissingDependency>
        <Required key="91" type="2" schemaName="incidentid" displayName="Case" parentSchemaName="incident" parentDisplayName="Case" solution="msdynce_Service (9.0.2.18)" />
        <Dependent key="92" type="29" displayName="Setting Origin for case" id="{d651d2d1-20fa-4a7b-a143-955996ae8551}" />
      </MissingDependency>
      <MissingDependency>
        <Required key="19" type="2" schemaName="title" displayName="Case Title" parentSchemaName="incident" parentDisplayName="Case" solution="msdynce_Service (9.0.2.18)" />
        <Dependent key="92" type="29" displayName="Setting Origin for case" id="{d651d2d1-20fa-4a7b-a143-955996ae8551}" />
      </MissingDependency>
      <MissingDependency>
        <Required key="39" type="2" schemaName="caseorigincode" displayName="Origin" parentSchemaName="incident" parentDisplayName="Case" solution="msdynce_Service (9.0.2.18)" />
        <Dependent key="92" type="29" displayName="Setting Origin for case" id="{d651d2d1-20fa-4a7b-a143-955996ae8551}" />
      </MissingDependency>
      <MissingDependency>
        <Required key="91" type="2" schemaName="incidentid" displayName="Case" parentSchemaName="incident" parentDisplayName="Case" solution="msdynce_Service (9.0.2.18)" />
        <Dependent key="93" type="26" schemaName="Cases From Tweets" displayName="Cases From Tweets" parentSchemaName="incident" parentDisplayName="Case" id="{80725000-6fc8-e711-a951-000d3af083fb}" />
      </MissingDependency>
      <MissingDependency>
        <Required key="45" type="2" schemaName="ticketnumber" displayName="Case Number" parentSchemaName="incident" parentDisplayName="Case" solution="msdynce_Service (9.0.2.18)" />
        <Dependent key="93" type="26" schemaName="Cases From Tweets" displayName="Cases From Tweets" parentSchemaName="incident" parentDisplayName="Case" id="{80725000-6fc8-e711-a951-000d3af083fb}" />
      </MissingDependency>
      <MissingDependency>
        <Required key="94" type="2" schemaName="statecode" displayName="Status" parentSchemaName="incident" parentDisplayName="Case" solution="msdynce_Service (9.0.2.18)" />
        <Dependent key="93" type="26" schemaName="Cases From Tweets" displayName="Cases From Tweets" parentSchemaName="incident" parentDisplayName="Case" id="{80725000-6fc8-e711-a951-000d3af083fb}" />
      </MissingDependency>
      <MissingDependency>
        <Required key="26" type="2" schemaName="ownerid" displayName="Owner" parentSchemaName="incident" parentDisplayName="Case" solution="msdynce_Service (9.0.2.18)" />
        <Dependent key="93" type="26" schemaName="Cases From Tweets" displayName="Cases From Tweets" parentSchemaName="incident" parentDisplayName="Case" id="{80725000-6fc8-e711-a951-000d3af083fb}" />
      </MissingDependency>
      <MissingDependency>
        <Required key="95" type="2" schemaName="modifiedby" displayName="Modified By" parentSchemaName="incident" parentDisplayName="Case" solution="msdynce_Service (9.0.2.18)" />
        <Dependent key="93" type="26" schemaName="Cases From Tweets" displayName="Cases From Tweets" parentSchemaName="incident" parentDisplayName="Case" id="{80725000-6fc8-e711-a951-000d3af083fb}" />
      </MissingDependency>
      <MissingDependency>
        <Required key="30" type="2" schemaName="subjectid" displayName="Subject" parentSchemaName="incident" parentDisplayName="Case" solution="msdynce_Service (9.0.2.18)" />
        <Dependent key="93" type="26" schemaName="Cases From Tweets" displayName="Cases From Tweets" parentSchemaName="incident" parentDisplayName="Case" id="{80725000-6fc8-e711-a951-000d3af083fb}" />
      </MissingDependency>
      <MissingDependency>
        <Required key="96" type="2" schemaName="incidentstagecode" displayName="Case Stage" parentSchemaName="incident" parentDisplayName="Case" solution="msdynce_Service (9.0.2.18)" />
        <Dependent key="93" type="26" schemaName="Cases From Tweets" displayName="Cases From Tweets" parentSchemaName="incident" parentDisplayName="Case" id="{80725000-6fc8-e711-a951-000d3af083fb}" />
      </MissingDependency>
      <MissingDependency>
        <Required key="19" type="2" schemaName="title" displayName="Case Title" parentSchemaName="incident" parentDisplayName="Case" solution="msdynce_Service (9.0.2.18)" />
        <Dependent key="93" type="26" schemaName="Cases From Tweets" displayName="Cases From Tweets" parentSchemaName="incident" parentDisplayName="Case" id="{80725000-6fc8-e711-a951-000d3af083fb}" />
      </MissingDependency>
      <MissingDependency>
        <Required key="42" type="2" schemaName="name" displayName="Topic" parentSchemaName="opportunity" parentDisplayName="Opportunity" solution="msdynce_Sales (9.0.2.18)" />
        <Dependent key="97" type="29" displayName="Opportunity Create" id="{ccf114f9-afef-40a9-ac95-a02ddae76b58}" />
      </MissingDependency>
      <MissingDependency>
        <Required key="98" type="2" schemaName="opportunityid" displayName="Opportunity" parentSchemaName="opportunity" parentDisplayName="Opportunity" solution="msdynce_Sales (9.0.2.18)" />
        <Dependent key="97" type="29" displayName="Opportunity Create" id="{ccf114f9-afef-40a9-ac95-a02ddae76b58}" />
      </MissingDependency>
      <MissingDependency>
        <Required key="99" type="2" schemaName="preferredserviceid" displayName="Preferred Service" parentSchemaName="contact" parentDisplayName="Contact" solution="msdynce_Service (9.0.2.18)" />
        <Dependent key="100" type="60" displayName="Information" parentDisplayName="Contact" id="{894cc46a-b0cb-4ab0-8bf6-200544e46a2d}" />
      </MissingDependency>
      <MissingDependency>
        <Required key="101" type="2" schemaName="originatingleadid" displayName="Originating Lead" parentSchemaName="contact" parentDisplayName="Contact" solution="msdynce_LeadManagement (9.0.2.18)" />
        <Dependent key="100" type="60" displayName="Information" parentDisplayName="Contact" id="{894cc46a-b0cb-4ab0-8bf6-200544e46a2d}" />
      </MissingDependency>
      <MissingDependency>
        <Required key="19" type="2" schemaName="title" displayName="Case Title" parentSchemaName="incident" parentDisplayName="Case" solution="msdynce_Service (9.0.2.18)" />
        <Dependent key="102" type="29" displayName="Test Case Create" id="{56453f8d-dc90-4138-8c12-16101a1cae5b}" />
      </MissingDependency>
      <MissingDependency>
        <Required key="91" type="2" schemaName="incidentid" displayName="Case" parentSchemaName="incident" parentDisplayName="Case" solution="msdynce_Service (9.0.2.18)" />
        <Dependent key="102" type="29" displayName="Test Case Create" id="{56453f8d-dc90-4138-8c12-16101a1cae5b}" />
      </MissingDependency>
      <MissingDependency>
        <Required key="103" type="2" schemaName="preferredequipmentid" displayName="Preferred Facility/Equipment" parentSchemaName="contact" parentDisplayName="Contact" solution="msdynce_Service (9.0.2.18)" />
        <Dependent key="100" type="60" displayName="Information" parentDisplayName="Contact" id="{894cc46a-b0cb-4ab0-8bf6-200544e46a2d}" />
      </MissingDependency>
      <MissingDependency>
        <Required key="104" type="2" schemaName="defaultpricelevelid" displayName="Price List" parentSchemaName="contact" parentDisplayName="Contact" solution="msdynce_ProductManagement (9.0.2.18)" />
        <Dependent key="100" type="60" displayName="Information" parentDisplayName="Contact" id="{894cc46a-b0cb-4ab0-8bf6-200544e46a2d}" />
      </MissingDependency>
      <MissingDependency>
        <Required key="105" type="10" schemaName="msdyn_incident_msdyn_workorder_ServiceRequest" displayName="msdyn_incident_msdyn_workorder_ServiceRequest" parentSchemaName="incident" parentDisplayName="Case" solution="FieldService (7.1.0.33)" />
        <Dependent key="10" type="60" displayName="Case" parentDisplayName="Case" id="{4a63c8d1-6c1e-48ec-9db4-3e6c7155334c}" />
      </MissingDependency>
      <MissingDependency>
        <Required key="106" type="10" schemaName="msdyn_msdyn_incidenttype_incident_IncidentType" displayName="msdyn_msdyn_incidenttype_incident_IncidentType" parentSchemaName="msdyn_incidenttype" parentDisplayName="Incident Type" solution="FieldService (7.1.0.33)" />
        <Dependent key="10" type="60" displayName="Case" parentDisplayName="Case" id="{4a63c8d1-6c1e-48ec-9db4-3e6c7155334c}" />
      </MissingDependency>
      <MissingDependency>
        <Required key="107" type="10" schemaName="msdyn_contact_msdyn_contactpricelist_Contact" displayName="msdyn_contact_msdyn_contactpricelist_Contact" parentSchemaName="contact" parentDisplayName="Contact" solution="ProjectService (2.1.0.30)" />
        <Dependent key="100" type="60" displayName="Information" parentDisplayName="Contact" id="{894cc46a-b0cb-4ab0-8bf6-200544e46a2d}" />
      </MissingDependency>
      <MissingDependency>
        <Required key="108" type="10" schemaName="msdyn_bookableresourcecharacteristic_msdyn_approval_Characteristic" displayName="msdyn_bookableresourcecharacteristic_msdyn_approval_Characteristic" parentSchemaName="bookableresourcecharacteristic" parentDisplayName="Bookable Resource Characteristic" solution="ProjectService (2.1.0.30)" />
        <Dependent key="76" type="60" displayName="Information" parentDisplayName="Approval" id="{90346b4f-8258-47fa-8f6a-3bf39356700f}" />
      </MissingDependency>
      <MissingDependency>
        <Required key="109" type="10" schemaName="msdyn_msdyn_bookingalert_msdyn_bookingalertstatus_BookingAlert" displayName="msdyn_msdyn_bookingalert_msdyn_bookingalertstatus_BookingAlert" parentSchemaName="msdyn_bookingalert" parentDisplayName="Booking Alert" solution="MicrosoftDynamicsScheduling (2.1.0.26)" />
        <Dependent key="83" type="60" displayName="Information" parentDisplayName="Booking Alert" id="{f520d4fe-96c8-4e4c-a30d-cde757e1f53b}" />
      </MissingDependency>
      <MissingDependency>
        <Required key="110" type="10" schemaName="msdyn_msdyn_workordertype_opportunity_WorkOrderType" displayName="msdyn_msdyn_workordertype_opportunity_WorkOrderType" parentSchemaName="msdyn_workordertype" parentDisplayName="Work Order Type" solution="FieldService (7.1.0.33)" />
        <Dependent key="7" type="60" displayName="Opportunity" parentDisplayName="Opportunity" id="{a837e4a7-01b8-4f82-a475-be9abd67e667}" />
      </MissingDependency>
      <MissingDependency>
        <Required key="111" type="10" schemaName="msdyn_opportunity_msdyn_workorder" displayName="msdyn_opportunity_msdyn_workorder" parentSchemaName="opportunity" parentDisplayName="Opportunity" solution="FieldService (7.1.0.33)" />
        <Dependent key="7" type="60" displayName="Opportunity" parentDisplayName="Opportunity" id="{a837e4a7-01b8-4f82-a475-be9abd67e667}" />
      </MissingDependency>
      <MissingDependency>
        <Required key="112" type="26" schemaName="Active Services" displayName="Active Services" parentSchemaName="service" parentDisplayName="Service" solution="msdynce_Service (9.0.2.18)" id="{2bd4de5e-a7b4-4f5d-8fde-eb3b62d8e2b2}" />
        <Dependent key="100" type="60" displayName="Information" parentDisplayName="Contact" id="{894cc46a-b0cb-4ab0-8bf6-200544e46a2d}" />
      </MissingDependency>
      <MissingDependency>
        <Required key="113" type="26" schemaName="All Competitors (summary)" displayName="All Competitors (summary)" parentSchemaName="competitor" parentDisplayName="Competitor" solution="msdynce_Sales (9.0.2.18)" id="{57bca9ac-87a0-4c28-adc8-2d0a4645f29e}" />
        <Dependent key="7" type="60" displayName="Opportunity" parentDisplayName="Opportunity" id="{a837e4a7-01b8-4f82-a475-be9abd67e667}" />
      </MissingDependency>
      <MissingDependency>
        <Required key="114" type="26" schemaName="Work Order Type Lookup View" displayName="Work Order Type Lookup View" parentSchemaName="msdyn_workordertype" parentDisplayName="Work Order Type" solution="FieldService (7.1.0.33)" id="{8f0514ca-d271-46cc-b531-41791c56949a}" />
        <Dependent key="7" type="60" displayName="Opportunity" parentDisplayName="Opportunity" id="{a837e4a7-01b8-4f82-a475-be9abd67e667}" />
      </MissingDependency>
      <MissingDependency>
        <Required key="115" type="26" schemaName="Opportunity Product Inline Edit View" displayName="Opportunity Product Inline Edit View" parentSchemaName="opportunityproduct" parentDisplayName="Opportunity Line" solution="msdynce_Sales (9.0.2.18)" id="{01010de7-749e-4fe6-8037-aca560a4fcbe}" />
        <Dependent key="7" type="60" displayName="Opportunity" parentDisplayName="Opportunity" id="{a837e4a7-01b8-4f82-a475-be9abd67e667}" />
      </MissingDependency>
      <MissingDependency>
        <Required key="116" type="26" schemaName="Opportunity Quotes" displayName="Opportunity Quotes" parentSchemaName="quote" parentDisplayName="Quote" solution="msdynce_Sales (9.0.2.18)" id="{61a4c932-d775-e211-b420-00155d806600}" />
        <Dependent key="7" type="60" displayName="Opportunity" parentDisplayName="Opportunity" id="{a837e4a7-01b8-4f82-a475-be9abd67e667}" />
      </MissingDependency>
      <MissingDependency>
        <Required key="117" type="26" schemaName="Quote Associated View" displayName="Quote Associated View" parentSchemaName="quote" parentDisplayName="Quote" solution="msdynce_Sales (9.0.2.18)" id="{642095db-91dd-4813-bb31-665a3a2bae61}" />
        <Dependent key="5" type="60" displayName="Information" parentDisplayName="Opportunity" id="{a2a56263-ec37-4991-a3b0-e7b37a71d818}" />
      </MissingDependency>
      <MissingDependency>
        <Required key="115" type="26" schemaName="Opportunity Product Inline Edit View" displayName="Opportunity Product Inline Edit View" parentSchemaName="opportunityproduct" parentDisplayName="Opportunity Line" solution="msdynce_Sales (9.0.2.18)" id="{01010de7-749e-4fe6-8037-aca560a4fcbe}" />
        <Dependent key="5" type="60" displayName="Information" parentDisplayName="Opportunity" id="{a2a56263-ec37-4991-a3b0-e7b37a71d818}" />
      </MissingDependency>
      <MissingDependency>
        <Required key="118" type="26" schemaName="Contract Line With Allotments" displayName="Contract Line With Allotments" parentSchemaName="contractdetail" parentDisplayName="Contract Line" solution="msdynce_Service (9.0.2.18)" id="{8fa2705c-7e4c-4c0e-b611-4593b35a4c9e}" />
        <Dependent key="10" type="60" displayName="Case" parentDisplayName="Case" id="{4a63c8d1-6c1e-48ec-9db4-3e6c7155334c}" />
      </MissingDependency>
      <MissingDependency>
        <Required key="119" type="26" schemaName="Associated Knowledge Records View" displayName="Associated Knowledge Records View" parentSchemaName="knowledgearticleincident" parentDisplayName="Knowledge Article Incident" solution="msdynce_Service (9.0.2.18)" id="{4ce7d553-9bba-4d8f-b209-899af9d3937c}" />
        <Dependent key="10" type="60" displayName="Case" parentDisplayName="Case" id="{4a63c8d1-6c1e-48ec-9db4-3e6c7155334c}" />
      </MissingDependency>
      <MissingDependency>
        <Required key="120" type="26" schemaName="Valid Entitlements for Cases" displayName="Valid Entitlements for Cases" parentSchemaName="entitlement" parentDisplayName="Entitlement" solution="msdynce_Service (9.0.2.18)" id="{e7ea283b-0490-4956-939b-3325e0798fb8}" />
        <Dependent key="10" type="60" displayName="Case" parentDisplayName="Case" id="{4a63c8d1-6c1e-48ec-9db4-3e6c7155334c}" />
      </MissingDependency>
      <MissingDependency>
        <Required key="121" type="26" schemaName="Associated Cases" displayName="Associated Cases" parentSchemaName="incident" parentDisplayName="Case" solution="msdynce_Service (9.0.2.18)" id="{72210bbb-d9d5-42df-8efd-39395a3cd7a7}" />
        <Dependent key="10" type="60" displayName="Case" parentDisplayName="Case" id="{4a63c8d1-6c1e-48ec-9db4-3e6c7155334c}" />
      </MissingDependency>
      <MissingDependency>
        <Required key="122" type="26" schemaName="Active Products Lookup View" displayName="Active Products Lookup View" parentSchemaName="product" parentDisplayName="Product" solution="msdynce_ProductManagement (9.0.2.18)" id="{58afc3c5-8add-4552-98cb-473bc8f75619}" />
        <Dependent key="10" type="60" displayName="Case" parentDisplayName="Case" id="{4a63c8d1-6c1e-48ec-9db4-3e6c7155334c}" />
      </MissingDependency>
      <MissingDependency>
        <Required key="123" type="26" schemaName="Active Contracts" displayName="Active Contracts" parentSchemaName="contract" parentDisplayName="Contract" solution="msdynce_Service (9.0.2.18)" id="{646de3ee-ebfb-4d19-8a44-4a619505e188}" />
        <Dependent key="10" type="60" displayName="Case" parentDisplayName="Case" id="{4a63c8d1-6c1e-48ec-9db4-3e6c7155334c}" />
      </MissingDependency>
      <MissingDependency>
        <Required key="124" type="26" schemaName="All Contacts" displayName="All Contacts" parentSchemaName="contact" parentDisplayName="Contact" solution="msdynce_Service (9.0.2.18)" id="{3a3d00e4-ad90-4aa3-b9ab-1e4f82900d29}" />
        <Dependent key="125" type="60" displayName="Social Talk For Suyati" id="{b382cf51-c6c2-e711-a952-000d3af07b7a}" />
      </MissingDependency>
      <MissingDependency>
        <Required key="126" type="60" displayName="Resolve By SLA" parentDisplayName="SLA KPI Instance" solution="msdynce_ServiceLevelAgreement (1.0.0.0)" id="{19b14c51-3d43-4d56-ab34-49c540bf468c}" />
        <Dependent key="10" type="60" displayName="Case" parentDisplayName="Case" id="{4a63c8d1-6c1e-48ec-9db4-3e6c7155334c}" />
      </MissingDependency>
      <MissingDependency>
        <Required key="127" type="60" displayName="account card" parentDisplayName="Account" solution="msdynce_AppCommon (9.0.2.18)" id="{b028db32-3619-48a5-ac51-cf3f947b0ef3}" />
        <Dependent key="10" type="60" displayName="Case" parentDisplayName="Case" id="{4a63c8d1-6c1e-48ec-9db4-3e6c7155334c}" />
      </MissingDependency>
      <MissingDependency>
        <Required key="128" type="60" displayName="First Response SLA" parentDisplayName="SLA KPI Instance" solution="msdynce_ServiceLevelAgreement (1.0.0.0)" id="{ede9dac3-e143-4be4-acc8-237309e31210}" />
        <Dependent key="10" type="60" displayName="Case" parentDisplayName="Case" id="{4a63c8d1-6c1e-48ec-9db4-3e6c7155334c}" />
      </MissingDependency>
      <MissingDependency>
        <Required key="129" type="60" displayName="Email" parentDisplayName="Email" solution="msdynce_Activities (9.0.0.3035)" id="{0d1e47ff-12b2-4f53-9090-bee951b98cb4}" />
        <Dependent key="129" type="60" displayName="Email" parentDisplayName="Email" id="{0d1e47ff-12b2-4f53-9090-bee951b98cb4}" />
      </MissingDependency>
      <MissingDependency>
        <Required key="130" type="60" displayName="Contact" parentDisplayName="Contact" solution="msdynce_AppCommon (9.0.2.18)" id="{1fed44d1-ae68-4a41-bd2b-f13acac4acfa}" />
        <Dependent key="130" type="60" displayName="Contact" parentDisplayName="Contact" id="{1fed44d1-ae68-4a41-bd2b-f13acac4acfa}" />
      </MissingDependency>
      <MissingDependency>
        <Required key="131" type="60" displayName="Opportunity Contact Quick View" parentDisplayName="Contact" solution="FreeTrialBaseSolution2 (2.2.0.8)" id="{3498c71f-2c4c-4a89-8917-a274e36eba30}" />
        <Dependent key="7" type="60" displayName="Opportunity" parentDisplayName="Opportunity" id="{a837e4a7-01b8-4f82-a475-be9abd67e667}" />
      </MissingDependency>
      <MissingDependency>
        <Required key="132" type="60" displayName="contact card" parentDisplayName="Contact" solution="msdynce_AppCommon (9.0.2.18)" id="{707fc57b-c5e6-471b-a180-e37ed28a38e2}" />
        <Dependent key="10" type="60" displayName="Case" parentDisplayName="Case" id="{4a63c8d1-6c1e-48ec-9db4-3e6c7155334c}" />
      </MissingDependency>
      <MissingDependency>
        <Required key="76" type="60" displayName="Information" parentDisplayName="Approval" solution="ProjectService (2.1.0.30)" id="{90346b4f-8258-47fa-8f6a-3bf39356700f}" />
        <Dependent key="76" type="60" displayName="Information" parentDisplayName="Approval" id="{90346b4f-8258-47fa-8f6a-3bf39356700f}" />
      </MissingDependency>
      <MissingDependency>
        <Required key="83" type="60" displayName="Information" parentDisplayName="Booking Alert" solution="MicrosoftDynamicsScheduling (2.1.0.26)" id="{f520d4fe-96c8-4e4c-a30d-cde757e1f53b}" />
        <Dependent key="83" type="60" displayName="Information" parentDisplayName="Booking Alert" id="{f520d4fe-96c8-4e4c-a30d-cde757e1f53b}" />
      </MissingDependency>
      <MissingDependency>
        <Required key="5" type="60" displayName="Information" parentDisplayName="Opportunity" solution="msdynce_Sales (9.0.2.18)" id="{a2a56263-ec37-4991-a3b0-e7b37a71d818}" />
        <Dependent key="5" type="60" displayName="Information" parentDisplayName="Opportunity" id="{a2a56263-ec37-4991-a3b0-e7b37a71d818}" />
      </MissingDependency>
      <MissingDependency>
        <Required key="7" type="60" displayName="Opportunity" parentDisplayName="Opportunity" solution="msdynce_Sales (9.0.2.18)" id="{a837e4a7-01b8-4f82-a475-be9abd67e667}" />
        <Dependent key="7" type="60" displayName="Opportunity" parentDisplayName="Opportunity" id="{a837e4a7-01b8-4f82-a475-be9abd67e667}" />
      </MissingDependency>
      <MissingDependency>
        <Required key="10" type="60" displayName="Case" parentDisplayName="Case" solution="msdynce_Service (9.0.2.18)" id="{4a63c8d1-6c1e-48ec-9db4-3e6c7155334c}" />
        <Dependent key="10" type="60" displayName="Case" parentDisplayName="Case" id="{4a63c8d1-6c1e-48ec-9db4-3e6c7155334c}" />
      </MissingDependency>
      <MissingDependency>
        <Required key="133" type="60" displayName="Task" parentDisplayName="Task" solution="msdynce_Activities (9.0.0.3035)" id="{16654191-19ad-48ca-9e46-c4b4fbdad76f}" />
        <Dependent key="133" type="60" displayName="Task" parentDisplayName="Task" id="{16654191-19ad-48ca-9e46-c4b4fbdad76f}" />
      </MissingDependency>
      <MissingDependency>
        <Required key="134" type="60" displayName="App for Outlook Contact Card" parentDisplayName="Contact" solution="AppforOutlook (1.0.0.0)" id="{cdbb9298-3b2e-41f3-8f4a-0168d6b09fc4}" />
        <Dependent key="134" type="60" displayName="App for Outlook Contact Card" parentDisplayName="Contact" id="{cdbb9298-3b2e-41f3-8f4a-0168d6b09fc4}" />
      </MissingDependency>
      <MissingDependency>
        <Required key="135" type="60" displayName="Field Service Information" parentDisplayName="Opportunity" solution="FieldService (7.1.0.33)" id="{8335a04b-dc80-44b0-83ab-11ed80f93d3e}" />
        <Dependent key="135" type="60" displayName="Field Service Information" parentDisplayName="Opportunity" id="{8335a04b-dc80-44b0-83ab-11ed80f93d3e}" />
      </MissingDependency>
      <MissingDependency>
        <Required key="100" type="60" displayName="Information" parentDisplayName="Contact" solution="msdynce_AppCommon (9.0.2.18)" id="{894cc46a-b0cb-4ab0-8bf6-200544e46a2d}" />
        <Dependent key="100" type="60" displayName="Information" parentDisplayName="Contact" id="{894cc46a-b0cb-4ab0-8bf6-200544e46a2d}" />
      </MissingDependency>
      <MissingDependency>
        <Required key="136" type="60" displayName="Contact Reference Panel" parentDisplayName="Contact" solution="msdynce_AppCommon (9.0.2.18)" id="{d880c3cf-80e2-42f3-82f9-24d040d09f17}" />
        <Dependent key="136" type="60" displayName="Contact Reference Panel" parentDisplayName="Contact" id="{d880c3cf-80e2-42f3-82f9-24d040d09f17}" />
      </MissingDependency>
      <MissingDependency>
        <Required key="137" type="60" displayName="Case for Interactive experience" parentDisplayName="Case" solution="msdynce_Service (9.0.2.18)" id="{915f6055-2e07-4276-ae08-2b96c8d02c57}" />
        <Dependent key="137" type="60" displayName="Case for Interactive experience" parentDisplayName="Case" id="{915f6055-2e07-4276-ae08-2b96c8d02c57}" />
      </MissingDependency>
      <MissingDependency>
        <Required key="138" type="60" displayName="Opportunity" parentDisplayName="Opportunity" solution="msdynce_Sales (9.0.2.18)" id="{e3c588ee-8e11-49da-a5fe-3800f3f683de}" />
        <Dependent key="138" type="60" displayName="Opportunity" parentDisplayName="Opportunity" id="{e3c588ee-8e11-49da-a5fe-3800f3f683de}" />
      </MissingDependency>
      <MissingDependency>
        <Required key="139" type="60" displayName="Phone Call" parentDisplayName="Phone Call" solution="msdynce_Activities (9.0.0.3035)" id="{a91390a5-99bb-4d10-9eee-3a5c87f841f1}" />
        <Dependent key="139" type="60" displayName="Phone Call" parentDisplayName="Phone Call" id="{a91390a5-99bb-4d10-9eee-3a5c87f841f1}" />
      </MissingDependency>
      <MissingDependency>
        <Required key="140" type="60" displayName="Contact - MoCa" parentDisplayName="Contact" solution="FieldService (7.1.0.33)" id="{28b5b9b6-dfa2-45d6-8a81-3f6ba02a098a}" />
        <Dependent key="140" type="60" displayName="Contact - MoCa" parentDisplayName="Contact" id="{28b5b9b6-dfa2-45d6-8a81-3f6ba02a098a}" />
      </MissingDependency>
      <MissingDependency>
        <Required key="141" type="60" displayName="Appointment" parentDisplayName="Appointment" solution="msdynce_Activities (9.0.0.3035)" id="{549a8aa3-c349-4ab9-8bac-4873fa9a7a5c}" />
        <Dependent key="141" type="60" displayName="Appointment" parentDisplayName="Appointment" id="{549a8aa3-c349-4ab9-8bac-4873fa9a7a5c}" />
      </MissingDependency>
      <MissingDependency>
        <Required key="142" type="60" displayName="Social Profiles" parentDisplayName="Contact" solution="msdynce_AppCommon (9.0.2.18)" id="{7bb87dfd-ec3e-4ed9-8e3e-5725d3067295}" />
        <Dependent key="142" type="60" displayName="Social Profiles" parentDisplayName="Contact" id="{7bb87dfd-ec3e-4ed9-8e3e-5725d3067295}" />
      </MissingDependency>
      <MissingDependency>
        <Required key="143" type="60" displayName="Case Reference Panel" parentDisplayName="Case" solution="msdynce_Service (9.0.2.18)" id="{8ed8553f-b520-4fe3-b2e7-59eef8301486}" />
        <Dependent key="143" type="60" displayName="Case Reference Panel" parentDisplayName="Case" id="{8ed8553f-b520-4fe3-b2e7-59eef8301486}" />
      </MissingDependency>
      <MissingDependency>
        <Required key="144" type="60" displayName="Contact Quick Create" parentDisplayName="Contact" solution="msdynce_AppCommon (9.0.2.18)" id="{661157fe-2fc9-4eaa-835f-5bfa2f7b64f7}" />
        <Dependent key="144" type="60" displayName="Contact Quick Create" parentDisplayName="Contact" id="{661157fe-2fc9-4eaa-835f-5bfa2f7b64f7}" />
      </MissingDependency>
      <MissingDependency>
        <Required key="145" type="60" displayName="Recent Cases and Entitlements" parentDisplayName="Contact" solution="msdynce_AppCommon (9.0.2.18)" id="{f3b707fb-3b5f-45f9-9c6b-5e573bb5d19e}" />
        <Dependent key="145" type="60" displayName="Recent Cases and Entitlements" parentDisplayName="Contact" id="{f3b707fb-3b5f-45f9-9c6b-5e573bb5d19e}" />
      </MissingDependency>
      <MissingDependency>
        <Required key="146" type="60" displayName="Case Quick Create" parentDisplayName="Case" solution="msdynce_Service (9.0.2.18)" id="{8e10b902-0b3e-441c-8b12-88e6c1793848}" />
        <Dependent key="146" type="60" displayName="Case Quick Create" parentDisplayName="Case" id="{8e10b902-0b3e-441c-8b12-88e6c1793848}" />
      </MissingDependency>
      <MissingDependency>
        <Required key="147" type="60" displayName="Contact Quick Form" parentDisplayName="Contact" solution="msdynce_AppCommon (9.0.2.18)" id="{bdb0ae1c-32fa-4374-b637-8dafe107bc44}" />
        <Dependent key="147" type="60" displayName="Contact Quick Form" parentDisplayName="Contact" id="{bdb0ae1c-32fa-4374-b637-8dafe107bc44}" />
      </MissingDependency>
      <MissingDependency>
        <Required key="148" type="60" displayName="Quick Opportunity View Form" parentDisplayName="Opportunity" solution="msdynce_Sales (9.0.2.18)" id="{24b5ce86-1811-44c3-b1ad-90f7ea02d2d7}" />
        <Dependent key="148" type="60" displayName="Quick Opportunity View Form" parentDisplayName="Opportunity" id="{24b5ce86-1811-44c3-b1ad-90f7ea02d2d7}" />
      </MissingDependency>
      <MissingDependency>
        <Required key="131" type="60" displayName="Opportunity Contact Quick View" parentDisplayName="Contact" solution="FreeTrialBaseSolution2 (2.2.0.8)" id="{3498c71f-2c4c-4a89-8917-a274e36eba30}" />
        <Dependent key="131" type="60" displayName="Opportunity Contact Quick View" parentDisplayName="Contact" id="{3498c71f-2c4c-4a89-8917-a274e36eba30}" />
      </MissingDependency>
      <MissingDependency>
        <Required key="149" type="60" displayName="account contact card" parentDisplayName="Contact" solution="msdynce_AppCommon (9.0.2.18)" id="{29de27bc-a257-4f29-99cf-bab4a84e688f}" />
        <Dependent key="149" type="60" displayName="account contact card" parentDisplayName="Contact" id="{29de27bc-a257-4f29-99cf-bab4a84e688f}" />
      </MissingDependency>
      <MissingDependency>
        <Required key="150" type="60" displayName="Contact Card form" parentDisplayName="Contact" solution="msdynce_AppCommon (9.0.2.18)" id="{bc0f68dd-a4b1-4a8f-bed3-c8f5db2f89cf}" />
        <Dependent key="150" type="60" displayName="Contact Card form" parentDisplayName="Contact" id="{bc0f68dd-a4b1-4a8f-bed3-c8f5db2f89cf}" />
      </MissingDependency>
      <MissingDependency>
        <Required key="151" type="60" displayName="Case Card" parentDisplayName="Case" solution="msdynce_Service (9.0.2.18)" id="{e8f97346-4f58-47de-964f-cbd64a52011b}" />
        <Dependent key="151" type="60" displayName="Case Card" parentDisplayName="Case" id="{e8f97346-4f58-47de-964f-cbd64a52011b}" />
      </MissingDependency>
      <MissingDependency>
        <Required key="152" type="60" displayName="App for Outlook Contact Quick View" parentDisplayName="Contact" solution="AppforOutlook (1.0.0.0)" id="{3d22ab88-96c8-4b3f-a533-d4827e2925c9}" />
        <Dependent key="152" type="60" displayName="App for Outlook Contact Quick View" parentDisplayName="Contact" id="{3d22ab88-96c8-4b3f-a533-d4827e2925c9}" />
      </MissingDependency>
      <MissingDependency>
        <Required key="153" type="60" displayName="Project Information" parentDisplayName="Opportunity" solution="ProjectService (2.1.0.30)" id="{2e5bb425-abef-4661-9ed7-df5cb28f2ed4}" />
        <Dependent key="153" type="60" displayName="Project Information" parentDisplayName="Opportunity" id="{2e5bb425-abef-4661-9ed7-df5cb28f2ed4}" />
      </MissingDependency>
      <MissingDependency>
        <Required key="132" type="60" displayName="contact card" parentDisplayName="Contact" solution="msdynce_AppCommon (9.0.2.18)" id="{707fc57b-c5e6-471b-a180-e37ed28a38e2}" />
        <Dependent key="132" type="60" displayName="contact card" parentDisplayName="Contact" id="{707fc57b-c5e6-471b-a180-e37ed28a38e2}" />
      </MissingDependency>
      <MissingDependency>
        <Required key="154" type="60" displayName="Contact for Interactive experience" parentDisplayName="Contact" solution="msdynce_LeadManagement (9.0.2.18)" id="{cc760212-3eab-4009-b5c3-ea9cf6f3e141}" />
        <Dependent key="154" type="60" displayName="Contact for Interactive experience" parentDisplayName="Contact" id="{cc760212-3eab-4009-b5c3-ea9cf6f3e141}" />
      </MissingDependency>
      <MissingDependency>
        <Required key="155" type="66" schemaName="MscrmControls.Slider.LinearSliderControl" displayName="MscrmControls.Slider.LinearSliderControl" solution="CustomControlsCore (9.0.0000.2136)" />
        <Dependent key="7" type="60" displayName="Opportunity" parentDisplayName="Opportunity" id="{a837e4a7-01b8-4f82-a475-be9abd67e667}" />
      </MissingDependency>
      <MissingDependency>
        <Required key="156" type="66" schemaName="MscrmControls.Knob.ArcKnobControl" displayName="MscrmControls.Knob.ArcKnobControl" solution="CustomControlsCore (9.0.0000.2136)" />
        <Dependent key="7" type="60" displayName="Opportunity" parentDisplayName="Opportunity" id="{a837e4a7-01b8-4f82-a475-be9abd67e667}" />
      </MissingDependency>
      <MissingDependency>
        <Required key="157" type="66" schemaName="MscrmControls.NumberInput.NumberInputControl" displayName="MscrmControls.NumberInput.NumberInputControl" solution="CustomControlsCore (9.0.0000.2136)" />
        <Dependent key="7" type="60" displayName="Opportunity" parentDisplayName="Opportunity" id="{a837e4a7-01b8-4f82-a475-be9abd67e667}" />
      </MissingDependency>
      <MissingDependency>
        <Required key="158" type="66" schemaName="MscrmControls.CardFeedContainer.CardFeedContainer" displayName="MscrmControls.CardFeedContainer.CardFeedContainer" solution="CustomControlsCore (9.0.0000.2136)" />
        <Dependent key="7" type="60" displayName="Opportunity" parentDisplayName="Opportunity" id="{a837e4a7-01b8-4f82-a475-be9abd67e667}" />
      </MissingDependency>
      <MissingDependency>
        <Required key="159" type="66" schemaName="MscrmControls.Grid.GridControl" displayName="MscrmControls.Grid.GridControl" solution="CustomControlsCore (9.0.0000.2136)" />
        <Dependent key="160" type="60" displayName="Queue" parentDisplayName="Queue" id="{6ed25386-e3ec-4e2b-bc5e-6a2a7803c8f3}" />
      </MissingDependency>
      <MissingDependency>
        <Required key="161" type="61" schemaName="msdyn_/RecordWall.htm" displayName="msdyn_/RecordWall.htm" solution="ActivityFeedsCore (9.0.0.0)" />
        <Dependent key="100" type="60" displayName="Information" parentDisplayName="Contact" id="{894cc46a-b0cb-4ab0-8bf6-200544e46a2d}" />
      </MissingDependency>
      <MissingDependency>
        <Required key="162" type="61" schemaName="msdyn_/ActivityFeeds.Form.js" displayName="msdyn_/ActivityFeeds.Form.js" solution="ActivityFeedsCore (9.0.0.0)" />
        <Dependent key="100" type="60" displayName="Information" parentDisplayName="Contact" id="{894cc46a-b0cb-4ab0-8bf6-200544e46a2d}" />
      </MissingDependency>
      <MissingDependency>
        <Required key="163" type="61" schemaName="msdyn_/Opportunity/Opportunity.Library.js" displayName="msdyn_/Opportunity/Opportunity.Library.js" solution="FieldService (7.1.0.33)" />
        <Dependent key="7" type="60" displayName="Opportunity" parentDisplayName="Opportunity" id="{a837e4a7-01b8-4f82-a475-be9abd67e667}" />
      </MissingDependency>
      <MissingDependency>
        <Required key="164" type="61" schemaName="msdyn_/Opportunity/Scripts/OpportunityCoreCrmInitialization.js" displayName="msdyn_/Opportunity/Scripts/OpportunityCoreCrmInitialization.js" solution="ProjectService (2.1.0.30)" />
        <Dependent key="7" type="60" displayName="Opportunity" parentDisplayName="Opportunity" id="{a837e4a7-01b8-4f82-a475-be9abd67e667}" />
      </MissingDependency>
      <MissingDependency>
        <Required key="165" type="61" schemaName="msdyn_/Libraries/require/require.js" displayName="msdyn_/Libraries/require/require.js" solution="ProjectService (2.1.0.30)" />
        <Dependent key="7" type="60" displayName="Opportunity" parentDisplayName="Opportunity" id="{a837e4a7-01b8-4f82-a475-be9abd67e667}" />
      </MissingDependency>
      <MissingDependency>
        <Required key="166" type="61" schemaName="msdyn_/Utils/head.js" displayName="msdyn_/Utils/head.js" solution="FieldService (7.1.0.33)" />
        <Dependent key="7" type="60" displayName="Opportunity" parentDisplayName="Opportunity" id="{a837e4a7-01b8-4f82-a475-be9abd67e667}" />
      </MissingDependency>
      <MissingDependency>
        <Required key="167" type="61" schemaName="msdyn_/Utils/ResourceLoader.js" displayName="msdyn_/Utils/ResourceLoader.js" solution="FieldService (7.1.0.33)" />
        <Dependent key="7" type="60" displayName="Opportunity" parentDisplayName="Opportunity" id="{a837e4a7-01b8-4f82-a475-be9abd67e667}" />
      </MissingDependency>
      <MissingDependency>
        <Required key="162" type="61" schemaName="msdyn_/ActivityFeeds.Form.js" displayName="msdyn_/ActivityFeeds.Form.js" solution="ActivityFeedsCore (9.0.0.0)" />
        <Dependent key="5" type="60" displayName="Information" parentDisplayName="Opportunity" id="{a2a56263-ec37-4991-a3b0-e7b37a71d818}" />
      </MissingDependency>
      <MissingDependency>
        <Required key="161" type="61" schemaName="msdyn_/RecordWall.htm" displayName="msdyn_/RecordWall.htm" solution="ActivityFeedsCore (9.0.0.0)" />
        <Dependent key="5" type="60" displayName="Information" parentDisplayName="Opportunity" id="{a2a56263-ec37-4991-a3b0-e7b37a71d818}" />
      </MissingDependency>
      <MissingDependency>
        <Required key="166" type="61" schemaName="msdyn_/Utils/head.js" displayName="msdyn_/Utils/head.js" solution="FieldService (7.1.0.33)" />
        <Dependent key="10" type="60" displayName="Case" parentDisplayName="Case" id="{4a63c8d1-6c1e-48ec-9db4-3e6c7155334c}" />
      </MissingDependency>
      <MissingDependency>
        <Required key="168" type="61" schemaName="Sales/Opportunity/Opportunity_main_system_library.js" displayName="Sales/Opportunity/Opportunity_main_system_library.js" solution="msdynce_Sales (9.0.2.18)" />
        <Dependent key="7" type="60" displayName="Opportunity" parentDisplayName="Opportunity" id="{a837e4a7-01b8-4f82-a475-be9abd67e667}" />
      </MissingDependency>
      <MissingDependency>
        <Required key="169" type="61" schemaName="msdyn_/Case/Case.Library.js" displayName="msdyn_/Case/Case.Library.js" solution="FieldService (7.1.0.33)" />
        <Dependent key="10" type="60" displayName="Case" parentDisplayName="Case" id="{4a63c8d1-6c1e-48ec-9db4-3e6c7155334c}" />
      </MissingDependency>
      <MissingDependency>
        <Required key="170" type="61" schemaName="msdyn_/Contact/Contact.Library.js" displayName="msdyn_/Contact/Contact.Library.js" solution="FieldService (7.1.0.33)" />
        <Dependent key="130" type="60" displayName="Contact" parentDisplayName="Contact" id="{1fed44d1-ae68-4a41-bd2b-f13acac4acfa}" />
      </MissingDependency>
      <MissingDependency>
        <Required key="171" type="61" schemaName="AppCommon/Contact/Contact_main_system_library.js" displayName="AppCommon/Contact/Contact_main_system_library.js" solution="msdynce_AppCommon (9.0.2.18)" />
        <Dependent key="130" type="60" displayName="Contact" parentDisplayName="Contact" id="{1fed44d1-ae68-4a41-bd2b-f13acac4acfa}" />
      </MissingDependency>
      <MissingDependency>
        <Required key="172" type="61" schemaName="msdyn_/fps/Icons/Entity/Calendar_16.png" displayName="msdyn_/fps/Icons/Entity/Calendar_16.png" solution="MicrosoftDynamicsScheduling (2.1.0.26)" />
        <Dependent key="0" type="1" schemaName="msdyn_bookingalert" displayName="Booking Alert" />
      </MissingDependency>
      <MissingDependency>
        <Required key="173" type="61" schemaName="msdyn_/fps/Icons/Entity/Calendar_32/_imgs/NavBar/Invisible.gif" displayName="msdyn_/fps/Icons/Entity/Calendar_32/_imgs/NavBar/Invisible.gif" solution="MicrosoftDynamicsScheduling (2.1.0.26)" />
        <Dependent key="0" type="1" schemaName="msdyn_bookingalert" displayName="Booking Alert" />
      </MissingDependency>
      <MissingDependency>
        <Required key="174" type="61" schemaName="msdyn_/Utils/head1.0.3.js" displayName="msdyn_/Utils/head1.0.3.js" solution="FieldService (7.1.0.33)" />
        <Dependent key="130" type="60" displayName="Contact" parentDisplayName="Contact" id="{1fed44d1-ae68-4a41-bd2b-f13acac4acfa}" />
      </MissingDependency>
    </MissingDependencies>
  </SolutionManifest>
</ImportExportXml>